CustomerID,CustomerName,Email,Phone,Address,City,Country,RegistrationDate
1,Shell Borer,sborer0@facebook.com,532-339-4262,6056 Center Park,Cibungur,Indonesia,5/27/2024
2,Demetrius Izkovitz,dizkovitz1@angelfire.com,949-225-5995,11804 Weeping Birch Drive,Abbottābād,Pakistan,6/20/2024
3,Lee Seeney,lseeney2@pinterest.com,590-786-9621,07 Stoughton Alley,Barraute,Canada,10/29/2024
4,Colene Adkins,cadkins3@answers.com,573-148-5379,3175 Hoffman Circle,Jiazhuang,China,4/28/2024
5,Leonidas Maypother,lmaypother4@auda.org.au,342-128-3234,225 Warrior Pass,Nkayi,Republic of the Congo,5/23/2024
6,Letti Ulyet,lulyet5@printfriendly.com,923-209-1987,4 Ilene Junction,Boa Esperança,Brazil,3/16/2024
7,Duncan Heighton,dheighton6@squidoo.com,915-722-5404,001 Washington Pass,El Paso,United States,9/28/2024
8,Norah Foulger,nfoulger7@phoca.cz,482-370-0397,348 Onsgard Crossing,Lingmen,China,3/20/2024
9,Harald McDonogh,hmcdonogh8@goodreads.com,515-988-0132,9416 Westerfield Drive,Des Moines,United States,3/6/2024
10,Dana Dartnell,ddartnell9@jalbum.net,828-989-0878,56 Cottonwood Terrace,Stuttgart,Germany,3/14/2024
11,Patti Dadds,pdaddsa@google.com.hk,584-251-0289,7 Dennis Road,Lohayong,Indonesia,5/13/2024
12,Letizia Albone,lalboneb@yahoo.co.jp,471-583-0073,3 Meadow Vale Hill,Jiangchuan,China,5/26/2024
13,Elton Frapwell,efrapwellc@blogs.com,968-293-2278,3 8th Center,Ivry-sur-Seine,France,9/10/2024
14,Lovell Itzchaki,litzchakid@stumbleupon.com,454-997-4270,63 Shasta Circle,Gaobeijie,China,1/16/2024
15,Tobi Cowern,tcowerne@statcounter.com,433-354-7195,0290 Atwood Parkway,Sadahayu,Indonesia,11/27/2023
16,Paula Eagle,peaglef@nhs.uk,341-732-2714,2008 Grasskamp Circle,Нераште,Macedonia,1/30/2024
17,Barny Skirlin,bskirling@tmall.com,963-800-5261,6 Buell Parkway,Shangjiangxu,China,6/10/2024
18,Mela Haly,mhalyh@ehow.com,182-375-6404,8442 Delladonna Point,Banjar Jambe Baleran,Indonesia,7/5/2024
19,Crichton Cuthbertson,ccuthbertsoni@simplemachines.org,557-377-5830,9291 Schmedeman Avenue,Ma‘bar,Yemen,6/21/2024
20,Corinna Krzysztofiak,ckrzysztofiakj@slate.com,777-970-2504,740 Sheridan Junction,Virginia,Ireland,12/15/2023
21,Betteanne Warner,bwarnerk@purevolume.com,601-739-5804,1130 Toban Court,Firovo,Russia,6/18/2024
22,Opal Munby,omunbyl@nbcnews.com,557-913-0639,0350 Milwaukee Pass,Baon,Philippines,7/11/2024
23,Harris Lynde,hlyndem@privacy.gov.au,909-616-2048,0 Crownhardt Hill,Alfonso,Philippines,8/22/2024
24,Derick Arnhold,darnholdn@skyrock.com,278-586-1794,626 Service Street,Älvsjö,Sweden,5/13/2024
25,Mercedes Ninotti,mninottio@dagondesign.com,966-314-6351,068 Fallview Avenue,Kilingi-Nõmme,Estonia,4/18/2024
26,Sari MacTeague,smacteaguep@cisco.com,308-179-1574,76 Westridge Terrace,Khairpur Nathan Shāh,Pakistan,7/24/2024
27,Jonell Pigford,jpigfordq@businessweek.com,664-697-3790,72 Sachtjen Drive,Tucuran,Philippines,6/30/2024
28,Terrill Collier,tcollierr@unc.edu,491-702-0739,1 Golden Leaf Point,Velille,Peru,6/24/2024
29,Joe Suffield,jsuffields@aol.com,596-297-9268,8 Kim Drive,Makur,Micronesia,1/27/2024
30,Kincaid Fortie,kfortiet@chron.com,305-202-0214,67543 Schurz Hill,Göteborg,Sweden,1/19/2024
31,Bil Thomerson,bthomersonu@earthlink.net,281-244-6176,82 Farragut Place,Houston,United States,1/23/2024
32,Nadeen Dorro,ndorrov@gizmodo.com,480-551-0217,4 Bluestem Way,Pewel Wielka,Poland,7/10/2024
33,Katha Bernadon,kbernadonw@mit.edu,383-899-0671,809 Delaware Center,Dan Sadau,Nigeria,11/26/2023
34,Paulie Hounsham,phounshamx@pen.io,253-459-5050,087 Fallview Road,Bunutan,Indonesia,5/31/2024
35,Marcella Prazor,mprazory@comcast.net,989-175-6343,4 Nancy Circle,Laholm,Sweden,5/13/2024
36,Dru Legat,dlegatz@about.com,247-620-9277,08 Di Loreto Drive,Sunjia Buzi,China,2/28/2024
37,Jacklin Drydale,jdrydale10@1und1.de,317-788-4669,377 Dahle Center,Seminole,United States,7/3/2024
38,Darcy McGarry,dmcgarry11@spiegel.de,223-826-9001,008 Mccormick Street,Shangyi,China,4/23/2024
39,Tyne Purseglove,tpurseglove12@goodreads.com,475-430-0693,9347 Canary Junction,Arauá,Brazil,8/17/2024
40,Natasha Henbury,nhenbury13@nydailynews.com,957-645-2130,0 Mockingbird Drive,Winton,New Zealand,5/2/2024
41,Barty Redsall,bredsall14@imdb.com,347-470-1841,7898 Pleasure Parkway,Bumirejo,Indonesia,7/27/2024
42,Kerianne Couldwell,kcouldwell15@naver.com,749-505-4944,9 Lawn Hill,Jiyizhuang,China,5/29/2024
43,Lezlie Churchley,lchurchley16@soundcloud.com,539-525-6303,40481 Meadow Valley Hill,Saint-Étienne,France,1/2/2024
44,Gabrielle Yashunin,gyashunin17@seattletimes.com,777-790-1108,145 Pankratz Pass,Piñahan,Philippines,10/9/2024
45,Annie Everett,aeverett18@youtube.com,808-888-6122,8684 Del Mar Center,Donggaocun,China,1/1/2024
46,Aylmer Deval,adeval19@themeforest.net,655-214-7216,106 Thierer Avenue,Sevilla,Spain,5/21/2024
47,Elysha Ludlem,eludlem1a@squarespace.com,721-462-5397,996 Moulton Park,Ganta,Liberia,3/19/2024
48,Lek Di Bartolommeo,ldi1b@tinypic.com,187-833-3702,479 Spohn Hill,Onueke,Nigeria,7/6/2024
49,Appolonia Staker,astaker1c@usgs.gov,647-212-2551,44062 Summer Ridge Pass,North Bay,Canada,9/2/2024
50,Cortney Grinaway,cgrinaway1d@nhs.uk,571-684-7062,28662 Anderson Crossing,Merrifield,United States,3/12/2024
51,Renado Campe,rcampe1e@usda.gov,965-745-0629,16577 Hayes Street,Roxas,Philippines,11/29/2023
52,Katerine Stempe,kstempe1f@livejournal.com,277-727-6808,151 Division Court,Lazaro Cardenas,Mexico,4/24/2024
53,Berna Snipe,bsnipe1g@google.it,507-740-3870,782 Onsgard Point,E’zhou,China,6/15/2024
54,Uriel Mazzey,umazzey1h@1688.com,893-987-7601,6 Upham Circle,Ni’ao,China,3/23/2024
55,Kalli Mynett,kmynett1i@liveinternet.ru,337-881-7169,64830 8th Crossing,Trzebunia,Poland,3/28/2024
56,Neala Hammatt,nhammatt1j@icio.us,919-601-6120,39 Kingsford Pass,Moyuan,China,4/4/2024
57,Hurlee Windridge,hwindridge1k@tinyurl.com,631-255-2329,4 Anniversary Street,Jinsha,China,8/13/2024
58,Bonita Cutts,bcutts1l@soundcloud.com,830-847-1341,071 Springs Drive,George Hill,Anguilla,8/27/2024
59,Christopher Sommerscales,csommerscales1m@geocities.jp,955-789-3943,15 Vahlen Trail,Delcevo,Macedonia,12/26/2023
60,Corella Romayn,cromayn1n@github.com,450-551-6905,1 Surrey Junction,Sala,Sweden,1/27/2024
61,Giana Kubiczek,gkubiczek1o@amazon.co.jp,510-204-9658,2839 Bayside Way,Bipolo,Indonesia,5/12/2024
62,Johnathan Zellner,jzellner1p@about.me,631-141-6564,91692 Cardinal Alley,Bilhorod-Dnistrovs’kyy,Ukraine,11/6/2024
63,Carri Pantry,cpantry1q@sbwire.com,952-890-6164,53 Maple Wood Road,Rogachëvo,Russia,6/13/2024
64,Thedric Corrett,tcorrett1r@deliciousdays.com,232-391-0145,47152 Aberg Place,Duancun,China,5/28/2024
65,Giovanna Farlamb,gfarlamb1s@hugedomains.com,527-195-5814,23 Meadow Valley Parkway,Niš,Serbia,10/6/2024
66,Joletta Blumson,jblumson1t@wikimedia.org,976-630-3511,559 Dottie Pass,Maloco,Philippines,10/30/2024
67,Christal Kiffin,ckiffin1u@multiply.com,760-824-4553,730 Mitchell Crossing,Dūāb,Afghanistan,9/27/2024
68,Hollyanne Screaton,hscreaton1v@merriam-webster.com,147-332-3081,4 Beilfuss Way,Galatás,Greece,6/1/2024
69,Kale Schelle,kschelle1w@google.nl,387-769-4786,37 Kropf Place,Xiping,China,1/13/2024
70,Archy Dredge,adredge1x@nytimes.com,528-777-9502,3 Colorado Junction,Canis,Peru,1/2/2024
71,Thornton Standing,tstanding1y@theglobeandmail.com,832-598-2484,398 Grayhawk Circle,Kalutara,Sri Lanka,3/16/2024
72,Bertina Sjostrom,bsjostrom1z@wired.com,595-678-5505,14854 Cottonwood Circle,Anle,China,11/9/2024
73,Donella Brownlow,dbrownlow20@examiner.com,653-851-7601,69513 Pearson Road,Tomislavgrad,Bosnia and Herzegovina,11/7/2024
74,Sylvester Jills,sjills21@smugmug.com,410-921-0533,9 Miller Junction,Ape,Latvia,7/30/2024
75,Winne Dugan,wdugan22@dailymotion.com,199-948-3156,560 Victoria Way,Telukpakedai,Indonesia,9/16/2024
76,Tonye Trumpeter,ttrumpeter23@nih.gov,179-165-2038,58 Heffernan Park,Okrouhlice,Czech Republic,4/20/2024
77,Laurent Worsnap,lworsnap24@vkontakte.ru,801-636-9765,96 Miller Place,Aveleda,Portugal,10/10/2024
78,Woodman Largen,wlargen25@example.com,422-482-3417,38 Corry Center,Quilpué,Chile,3/17/2024
79,Hubey Ballham,hballham26@google.com.br,609-530-8084,6 Forster Hill,Dalgān,Iran,6/20/2024
80,Craig Elsmore,celsmore27@w3.org,571-243-9819,70592 Spenser Circle,Cruces,Cuba,11/11/2024
81,Allianora Quarton,aquarton28@soundcloud.com,447-681-1403,83 Vidon Pass,Dazhongzhuang,China,3/24/2024
82,Waiter McTrustie,wmctrustie29@miitbeian.gov.cn,608-462-6174,3 Ridgeway Pass,Rufino,Argentina,5/13/2024
83,Aubree Stretton,astretton2a@tumblr.com,247-530-0241,5331 Mallory Place,Tuzhu,China,4/18/2024
84,Johna Thieme,jthieme2b@trellian.com,577-568-4292,9385 Farwell Court,Corupá,Brazil,5/14/2024
85,Phillida Karoly,pkaroly2c@eventbrite.com,334-741-5902,204 Oneill Circle,Mahébourg,Mauritius,2/6/2024
86,Amabelle Igo,aigo2d@livejournal.com,104-297-0535,08634 Blackbird Parkway,Aix-en-Provence,France,8/24/2024
87,Harrison McKendo,hmckendo2e@sphinn.com,494-294-0201,68174 5th Point,Hotaka,Japan,8/17/2024
88,Lambert Rowcastle,lrowcastle2f@eventbrite.com,742-418-2501,97 Mccormick Trail,Geshan,China,7/5/2024
89,Grantley Vaune,gvaune2g@desdev.cn,464-796-0187,16 Sycamore Terrace,Stockholm,Sweden,3/19/2024
90,Angie Ligerton,aligerton2h@census.gov,940-802-7402,167 Karstens Avenue,Neundeut,Indonesia,10/5/2024
91,Shawnee Teodorski,steodorski2i@businessinsider.com,308-417-8282,62207 Blaine Circle,Swinford,Ireland,2/14/2024
92,Claribel Jewis,cjewis2j@bing.com,608-251-3716,0 Nelson Crossing,Madison,United States,10/5/2024
93,Virgil Blake,vblake2k@cnbc.com,217-320-5661,734 Forest Run Point,Registro,Brazil,11/15/2023
94,Raymund Gunther,rgunther2l@dailymail.co.uk,488-351-1414,9835 Marcy Hill,Gengma,China,4/19/2024
95,Martino Durrell,mdurrell2m@theguardian.com,845-163-5713,21587 Vidon Hill,Sukapura,Indonesia,3/20/2024
96,Natty Samsonsen,nsamsonsen2n@springer.com,783-501-0028,41131 Rockefeller Way,Novyy Uoyan,Russia,9/7/2024
97,Kalila Saville,ksaville2o@tuttocitta.it,518-219-1875,56 Mayer Lane,Albany,United States,1/15/2024
98,D'arcy Forlonge,dforlonge2p@paginegialle.it,723-115-4980,510 Cody Crossing,Baie-Saint-Paul,Canada,5/6/2024
99,Salomone Gwillyam,sgwillyam2q@techcrunch.com,995-231-4580,2 Bay Parkway,Glória do Goitá,Brazil,12/26/2023
100,Mair Stolze,mstolze2r@blogspot.com,423-460-6195,320 Starling Way,Olyshivka,Ukraine,8/29/2024
101,Dina Tomasz,dtomasz2s@reuters.com,595-324-1736,135 Caliangt Road,Ranot,Thailand,5/21/2024
102,Ricki Fewkes,rfewkes2t@cbc.ca,669-309-6349,19382 Monica Street,Fīrūzābād,Iran,9/30/2024
103,Maximilianus Rymmer,mrymmer2u@goo.ne.jp,449-885-1070,84882 Rutledge Avenue,Marvdasht,Iran,6/18/2024
104,Terrel Memory,tmemory2v@vistaprint.com,515-288-3223,272 Fremont Lane,Saladas,Argentina,10/22/2024
105,Inesita Minshull,iminshull2w@columbia.edu,389-724-0529,08 Troy Plaza,Halong,Indonesia,8/31/2024
106,Raynor Reed,rreed2x@weather.com,601-469-9464,09 North Terrace,Jackson,United States,12/5/2023
107,Elihu Szymanek,eszymanek2y@naver.com,552-996-2863,098 Hermina Street,La Salud,Cuba,2/29/2024
108,Rafaello de'-Ancy Willis,rdeancy2z@issuu.com,367-353-7240,82 Hagan Court,Prigi,Indonesia,10/10/2024
109,Clifford Reynish,creynish30@lulu.com,357-401-4030,7059 Becker Avenue,Malata,Indonesia,1/27/2024
110,Floria MacKeeg,fmackeeg31@ucla.edu,974-113-9618,19208 Ramsey Circle,Menanga,Indonesia,9/14/2024
111,Lyndsie Casotti,lcasotti32@51.la,638-146-1909,325 Superior Junction,Tours,France,7/15/2024
112,Jacquette Sherrocks,jsherrocks33@economist.com,687-214-6783,26 Lighthouse Bay Trail,Sorochinsk,Russia,10/6/2024
113,Hugh Fitzsymons,hfitzsymons34@people.com.cn,283-144-3175,322 Union Way,Bagumbayan,Philippines,9/3/2024
114,Kelvin Yurinov,kyurinov35@last.fm,857-882-4092,990 American Ash Crossing,Qandala,Somalia,1/7/2024
115,Valina Kliemchen,vkliemchen36@github.com,748-235-8721,372 Huxley Avenue,Santa Luzia,Portugal,1/23/2024
116,Huey Cleevely,hcleevely37@cnn.com,751-644-0981,4877 Carey Terrace,Pakalongan,Indonesia,5/10/2024
117,Trisha Stuckes,tstuckes38@hatena.ne.jp,574-703-4730,887 Elka Crossing,Rokiškis,Lithuania,8/11/2024
118,Sibby Edgin,sedgin39@umich.edu,743-975-1709,00 Clarendon Center,Qo‘qon,Uzbekistan,5/2/2024
119,Chere Ekkel,cekkel3a@webmd.com,189-947-5794,2 Norway Maple Circle,Ishii,Japan,1/14/2024
120,Salomon Aslet,saslet3b@tinyurl.com,765-571-7773,5 Morningstar Plaza,Koktal,Kazakhstan,12/1/2023
121,Raina Beckley,rbeckley3c@msn.com,242-537-4630,6534 Delladonna Avenue,Pandaan,Indonesia,7/13/2024
122,Artus Kendall,akendall3d@cdbaby.com,200-247-6962,6180 7th Terrace,Zhusha,China,9/26/2024
123,Rabbi Darkins,rdarkins3e@epa.gov,733-149-3762,14 Evergreen Court,Jibu,China,3/28/2024
124,Berkly Jacobsen,bjacobsen3f@hatena.ne.jp,459-242-6694,65969 Riverside Trail,Tauranga,New Zealand,6/19/2024
125,Ernaline Richardes,erichardes3g@harvard.edu,719-396-7421,47 Melody Crossing,Macheke,Zimbabwe,12/18/2023
126,Mallory Bonifazio,mbonifazio3h@google.ca,945-220-5472,67182 Vera Crossing,Fuquan,China,8/11/2024
127,D'arcy Valerio,dvalerio3i@1und1.de,565-798-4385,944 Memorial Hill,Kavieng,Papua New Guinea,4/3/2024
128,Forester Norvill,fnorvill3j@samsung.com,404-600-4226,671 Dwight Trail,Trindade,Brazil,3/18/2024
129,Davine Hackey,dhackey3k@nymag.com,148-356-8283,1 Green Ridge Point,Cisaat,Indonesia,12/8/2023
130,Jerrold Meech,jmeech3l@trellian.com,276-743-5513,10 7th Road,Brusque,Brazil,6/5/2024
131,Simone D'Aubney,sdaubney3m@senate.gov,509-439-3291,6342 1st Plaza,Nanjing,China,4/8/2024
132,Pavlov Dobing,pdobing3n@kickstarter.com,668-141-0989,61 Susan Drive,Marataizes,Brazil,8/5/2024
133,Gabbie Joinson,gjoinson3o@home.pl,116-713-2277,40 Dennis Court,Lembang,Indonesia,12/19/2023
134,Prudy McCreadie,pmccreadie3p@reference.com,296-456-3736,7562 Duke Pass,Anfusi,China,4/12/2024
135,Abram Hupe,ahupe3q@technorati.com,913-758-3950,038 Kenwood Park,Maastricht,Netherlands,9/17/2024
136,Annice Sainsbury-Brown,asainsburybrown3r@sina.com.cn,411-379-6734,10051 Drewry Parkway,Kuala Lumpur,Malaysia,7/11/2024
137,Valeda Rosenfarb,vrosenfarb3s@disqus.com,188-560-6569,9232 Nova Drive,Itaperuçu,Brazil,11/14/2023
138,Bobbe Glinde,bglinde3t@princeton.edu,405-296-5599,5348 Vera Avenue,Batallas,Bolivia,11/18/2023
139,Lavina Dawtry,ldawtry3u@pbs.org,607-695-8092,61 6th Point,Jajaway,Indonesia,6/1/2024
140,Veradis Cocking,vcocking3v@nymag.com,199-185-3701,74674 Gale Avenue,Colinas,Brazil,4/4/2024
141,Harriott Ebbin,hebbin3w@seattletimes.com,271-648-7844,6066 Cody Hill,Caper,Indonesia,9/26/2024
142,Rani Zumbusch,rzumbusch3x@examiner.com,191-247-8546,748 Forest Crossing,Xiliu,China,9/6/2024
143,Luciano Charlwood,lcharlwood3y@moonfruit.com,702-610-9108,4338 Armistice Place,Чучер - Сандево,Macedonia,2/21/2024
144,Matti Lemmen,mlemmen3z@yahoo.com,494-711-5813,108 Daystar Crossing,Kruševica,Croatia,6/6/2024
145,Moll Nornasell,mnornasell40@wsj.com,727-775-7493,482 Merry Parkway,Miranda,Colombia,8/3/2024
146,Felice Chavey,fchavey41@mit.edu,498-236-6807,90070 Troy Parkway,La Paz,Philippines,8/5/2024
147,Lonna Laurenceau,llaurenceau42@jiathis.com,854-942-8233,11390 Texas Pass,Tieli,China,7/29/2024
148,Dominga Reddan,dreddan43@toplist.cz,767-816-4697,777 Green Ridge Pass,Nine,Portugal,12/19/2023
149,Malanie Faulds,mfaulds44@bing.com,500-938-6118,28682 Loftsgordon Road,Shucheng Chengguanzhen,China,4/3/2024
150,Flory La Rosa,fla45@ustream.tv,429-218-2798,292 School Pass,Grati Satu,Indonesia,8/13/2024
151,Curtis Cuerdall,ccuerdall46@godaddy.com,379-663-0286,80350 Hansons Place,Villeurbanne,France,8/16/2024
152,Bud Geare,bgeare47@dmoz.org,612-153-3530,266 Rusk Plaza,Minneapolis,United States,8/18/2024
153,Lishe Chataignier,lchataignier48@youtube.com,458-981-6825,34795 Arkansas Drive,Stockholm,Sweden,7/21/2024
154,Keefe Canty,kcanty49@t.co,709-501-5310,85697 Vermont Lane,Shangshuai,China,9/8/2024
155,Gertrud Shawyers,gshawyers4a@upenn.edu,515-501-0707,25624 Fuller Crossing,Kapsan-ŭp,North Korea,9/8/2024
156,Rachelle Stirtle,rstirtle4b@yandex.ru,599-993-9641,360 Northridge Avenue,Qabqir,China,8/20/2024
157,Farris Vince,fvince4c@amazon.de,231-669-6263,5453 Scoville Circle,Bengtsfors,Sweden,2/23/2024
158,Cyndy Lemary,clemary4d@ucoz.com,453-879-4632,99839 Northview Parkway,Pedregulho,Brazil,2/3/2024
159,Cleavland Faudrie,cfaudrie4e@sitemeter.com,678-699-9545,58 Park Meadow Park,Marmárion,Greece,4/26/2024
160,Harvey Bento,hbento4f@ifeng.com,280-477-7068,0634 Vernon Alley,Turgun,China,10/27/2024
161,Padraic Banger,pbanger4g@illinois.edu,866-404-5049,6326 Burning Wood Road,Ordynskoye,Russia,1/24/2024
162,Natasha Bowshire,nbowshire4h@amazon.co.jp,946-354-3342,93 Prentice Plaza,Purificación,Colombia,3/20/2024
163,Ryann Rulton,rrulton4i@businesswire.com,773-270-4508,932 Cascade Plaza,Chicago,United States,6/10/2024
164,Roderigo Salan,rsalan4j@theatlantic.com,708-285-7976,679 Bunker Hill Center,Sapataria,Portugal,7/31/2024
165,Davidde Ponnsett,dponnsett4k@slate.com,918-256-6082,5 Bashford Circle,Johanneshov,Sweden,2/18/2024
166,Jaime Romeril,jromeril4l@wikispaces.com,884-309-5791,0 Monument Hill,Limassol,Cyprus,6/29/2024
167,Letty Wooles,lwooles4m@illinois.edu,888-371-0707,2815 Darwin Park,Vistino,Russia,9/3/2024
168,Wilmette Hanstock,whanstock4n@aboutads.info,457-629-2878,892 Monument Pass,Hobo,Philippines,3/31/2024
169,Amelina Dawbury,adawbury4o@narod.ru,341-385-6294,51382 Riverside Hill,Kousa,Egypt,8/6/2024
170,Penny Yokel,pyokel4p@tmall.com,384-148-5652,92473 Gulseth Junction,Lipnica Wielka,Poland,7/9/2024
171,Kelbee Ivantyev,kivantyev4q@liveinternet.ru,672-920-8230,8957 Fair Oaks Parkway,Shums’k,Ukraine,12/30/2023
172,Anthea Armiger,aarmiger4r@hp.com,716-321-5963,33 Hanson Place,Cosquín,Argentina,10/2/2024
173,Gaston Klehn,gklehn4s@hc360.com,739-884-1982,2877 Bartelt Circle,Laç,Albania,11/15/2023
174,Lorain Josephs,ljosephs4t@time.com,732-423-1619,555 Kennedy Circle,Ani-e,Philippines,4/1/2024
175,Udell Blackway,ublackway4u@state.tx.us,970-649-0291,77227 Maple Wood Alley,Lesnoy,Russia,7/13/2024
176,Margot Stovine,mstovine4v@shop-pro.jp,540-374-0909,9939 Crowley Terrace,Toutuo,China,9/18/2024
177,Maynord Kenny,mkenny4w@yelp.com,767-485-4212,816 Summit Road,Tarasovskiy,Russia,1/31/2024
178,Gar Swancott,gswancott4x@webnode.com,894-515-2417,70 Jana Way,Sigou,China,12/9/2023
179,Solomon Rafferty,srafferty4y@ftc.gov,567-656-0675,9 Golf Junction,Hantsport,Canada,9/11/2024
180,Karlen Grzegorecki,kgrzegorecki4z@ezinearticles.com,459-679-2582,26 Mesta Court,Kwali,Nigeria,2/25/2024
181,Lonny MacKeig,lmackeig50@1688.com,544-127-9125,8 Dryden Point,Vyaz’ma,Russia,4/20/2024
182,Rana O'Meara,romeara51@harvard.edu,649-701-4393,08 Bayside Plaza,Planá,Czech Republic,11/28/2023
183,Joann Starmore,jstarmore52@pen.io,936-890-8719,93744 Kinsman Pass,Yambrasbamba,Peru,1/13/2024
184,Trev Killshaw,tkillshaw53@epa.gov,878-165-1537,0390 Forest Run Court,Isdalstø,Norway,10/4/2024
185,Edlin Goodby,egoodby54@ehow.com,373-767-5588,9 Westridge Avenue,Borås,Sweden,10/18/2024
186,Whitman Hayne,whayne55@seesaa.net,221-720-0874,446 Emmet Way,Mont-Royal,Canada,4/29/2024
187,Brandy Kitlee,bkitlee56@yahoo.com,511-932-3084,6 Corben Lane,Carolina,South Africa,2/26/2024
188,Mina Sallery,msallery57@whitehouse.gov,243-430-7626,9 Lindbergh Park,La Roche-sur-Yon,France,11/23/2023
189,Nolana MacCaig,nmaccaig58@themeforest.net,444-422-7426,65 Fisk Center,Hepu,China,7/8/2024
190,Eveline Colton,ecolton59@go.com,209-781-9268,3 Ridgeway Way,Mercedes,Philippines,10/17/2024
191,Cherye Lattka,clattka5a@t.co,903-827-2947,2974 Loeprich Court,La Palma,Panama,12/20/2023
192,Merrill Frotton,mfrotton5b@bbb.org,536-669-2964,6 Green Ridge Center,Tangjiawan,China,3/26/2024
193,Melisenda Loughan,mloughan5c@state.gov,293-951-9894,9 Sloan Crossing,Kikinda,Serbia,3/29/2024
194,Averyl Webber,awebber5d@reverbnation.com,902-987-3167,94103 Kedzie Crossing,Chenqiao,China,9/29/2024
195,Marilee Gors,mgors5e@drupal.org,640-851-5294,019 Vermont Way,T’et’ri Tsqaro,Georgia,12/4/2023
196,Drucill Streetfield,dstreetfield5f@unc.edu,243-111-2263,8614 Oak Parkway,Pantian,China,2/27/2024
197,Lotti Franies,lfranies5g@noaa.gov,243-604-4581,17 Alpine Trail,Youdian,China,3/22/2024
198,Rhianna Grimbaldeston,rgrimbaldeston5h@bbb.org,223-150-4906,37103 Oak Valley Hill,Manorhamilton,Ireland,12/8/2023
199,Jock Leacock,jleacock5i@goodreads.com,690-320-8406,6 Lighthouse Bay Hill,Caraguatatuba,Brazil,3/17/2024
200,Sharl Guillain,sguillain5j@ted.com,339-172-1861,21 Westerfield Plaza,Tiebukenwusan,China,6/12/2024
201,Fairlie Ruggs,fruggs5k@altervista.org,127-717-1566,19 Anthes Way,Chrysoúpolis,Greece,12/26/2023
202,Lloyd Stollenhof,lstollenhof5l@harvard.edu,680-419-7159,495 Division Point,Tangchi,China,10/14/2024
203,Jabez Hammatt,jhammatt5m@latimes.com,145-600-3376,473 Messerschmidt Circle,Cipolletti,Argentina,11/4/2024
204,Britte Goning,bgoning5n@cloudflare.com,195-773-3433,1243 Anniversary Road,Sang-e Māshah,Afghanistan,12/30/2023
205,Chaim Normabell,cnormabell5o@blinklist.com,632-487-1815,49321 Corscot Parkway,Malpique,Portugal,12/20/2023
206,Elwood Commusso,ecommusso5p@twitpic.com,586-533-7032,1 Jackson Road,Małdyty,Poland,7/14/2024
207,Hannie Hartnell,hhartnell5q@soundcloud.com,508-249-3109,23032 Doe Crossing Crossing,Gumalang,Philippines,1/29/2024
208,Jean Mattea,jmattea5r@indiegogo.com,397-574-7583,38 Transport Junction,Mae Chan,Thailand,4/25/2024
209,Stevie Cowill,scowill5s@java.com,780-193-3341,332 Susan Place,Banggel,Indonesia,3/17/2024
210,Melina Drayn,mdrayn5t@japanpost.jp,354-727-4203,000 Grayhawk Center,Dagda,Latvia,12/11/2023
211,Debora Sivess,dsivess5u@google.com.au,642-662-2995,19 Shopko Road,Tilburg,Netherlands,12/14/2023
212,Georgia Klimko,gklimko5v@instagram.com,544-934-6293,4528 Merrick Plaza,Oton,Philippines,2/22/2024
213,Godiva Smewing,gsmewing5w@cisco.com,442-351-4959,27834 Eliot Court,Edineţ,Moldova,9/15/2024
214,Erny Angric,eangric5x@ocn.ne.jp,698-309-4179,10 Stuart Street,Lyubymivka,Ukraine,4/23/2024
215,Shae Scapens,sscapens5y@tmall.com,107-437-6190,2 Heath Place,Wakapuken,Indonesia,4/30/2024
216,Celestina Fancourt,cfancourt5z@foxnews.com,872-135-9267,48 Truax Plaza,Kajiki,Japan,12/5/2023
217,Kaine Wey,kwey60@springer.com,378-989-1100,64147 Basil Avenue,Valle de Ángeles,Honduras,7/27/2024
218,Sanderson Collihole,scollihole61@creativecommons.org,821-644-1033,28 8th Junction,Dzhebariki-Khaya,Russia,5/1/2024
219,Yoko Arthey,yarthey62@1und1.de,555-934-8418,19 Tennyson Trail,Dumandesa,Indonesia,11/17/2023
220,Ronald Swiggs,rswiggs63@tumblr.com,789-399-7521,24079 Commercial Place,Dijon,France,12/9/2023
221,Cele Nevins,cnevins64@msu.edu,561-475-5017,61 Del Sol Hill,Walnut Grove,Canada,8/22/2024
222,Lennard Fandrich,lfandrich65@cam.ac.uk,909-693-9650,536 Melody Court,Santiago de Cao,Peru,3/15/2024
223,Elita Lyddyard,elyddyard66@over-blog.com,618-792-6659,4 Thierer Center,Pereyaslav-Khmel’nyts’kyy,Ukraine,3/30/2024
224,Evonne Held,eheld67@hexun.com,630-551-3258,72 Thierer Alley,Askim,Sweden,2/23/2024
225,Joline Dangerfield,jdangerfield68@umn.edu,545-640-7974,437 Melrose Trail,Tiouli,Morocco,2/10/2024
226,Belva Lohmeyer,blohmeyer69@dailymotion.com,343-947-8147,7496 Cherokee Terrace,Yerofey Pavlovich,Russia,8/27/2024
227,Garik Dowle,gdowle6a@wordpress.com,113-189-7456,51504 Northridge Way,Sabtang,Philippines,6/10/2024
228,Kaycee MacRannell,kmacrannell6b@booking.com,306-994-6563,7 Monterey Park,Cikadu,Indonesia,2/21/2024
229,Morse Kittel,mkittel6c@engadget.com,228-275-0634,79 Hanson Way,El Almendro,Nicaragua,11/23/2023
230,Adelaide Elington,aelington6d@hatena.ne.jp,850-441-1155,0 Truax Crossing,Sasovo,Russia,12/28/2023
231,Kirbie Andras,kandras6e@wunderground.com,475-907-4540,46 Hallows Hill,Babakan,Indonesia,7/26/2024
232,Carrie Figurski,cfigurski6f@bravesites.com,372-558-8768,96506 Lerdahl Avenue,Tambaksumur,Indonesia,9/13/2024
233,Sissy Dimanche,sdimanche6g@cocolog-nifty.com,686-803-3536,43 Mesta Pass,Nantes,France,6/10/2024
234,Aindrea Axleby,aaxleby6h@huffingtonpost.com,993-275-8310,807 Oak Trail,Santa Maria Oliveira,Portugal,5/28/2024
235,Jeana Dewberry,jdewberry6i@buzzfeed.com,281-965-0016,05797 Nobel Drive,München,Germany,3/4/2024
236,Raye Vequaud,rvequaud6j@wunderground.com,699-224-1085,66743 Gateway Pass,Fatikchari,Bangladesh,11/23/2023
237,Gabriele Viollet,gviollet6k@histats.com,450-265-9505,08270 Kipling Terrace,Maddarulug Norte,Philippines,1/11/2024
238,Stephana Joret,sjoret6l@jalbum.net,582-383-1336,22 Victoria Terrace,Pskov,Russia,7/11/2024
239,Karlotte Lawee,klawee6m@creativecommons.org,944-718-4410,004 Shopko Court,Kushelevka,Russia,11/30/2023
240,Carlota Sandeland,csandeland6n@gov.uk,852-588-8466,3058 Stone Corner Terrace,Bao’an,China,7/12/2024
241,Arleta Simonin,asimonin6o@ifeng.com,819-566-5540,516 Drewry Pass,Wailolong,Indonesia,8/26/2024
242,Leann Savoury,lsavoury6p@tinyurl.com,965-807-7747,1 Maple Wood Terrace,Martanesh,Albania,7/18/2024
243,Rolfe Southworth,rsouthworth6q@dot.gov,338-407-1225,1 Moulton Street,Delgerhaan,Mongolia,10/13/2024
244,Shandie Penniall,spenniall6r@xrea.com,332-881-1909,73 Eastlawn Place,Asenovgrad,Bulgaria,4/4/2024
245,Bengt Petigrew,bpetigrew6s@amazon.co.uk,280-869-3547,6 Schiller Lane,Aglipay,Philippines,11/12/2024
246,Leilah Songer,lsonger6t@wufoo.com,781-827-7895,21 Melvin Center,Faro,Portugal,5/16/2024
247,Melanie Bodega,mbodega6u@cornell.edu,273-732-7738,8 Dennis Hill,Fengting,China,9/13/2024
248,Manya Dartnall,mdartnall6v@privacy.gov.au,420-785-8797,98610 Division Street,Jindřichov,Czech Republic,5/5/2024
249,Aime Pitkeathley,apitkeathley6w@is.gd,921-640-4526,676 School Way,San Pedro,Argentina,6/15/2024
250,Linea Ingram,lingram6x@harvard.edu,520-593-8933,67110 Pawling Trail,Gualmatán,Colombia,6/18/2024
251,Curran Helliker,chelliker6y@wikia.com,620-809-2628,7237 Golf Course Plaza,Dąbrowa,Poland,4/13/2024
252,Felisha Amiranda,famiranda6z@google.nl,398-457-7649,5 Reindahl Street,Tall aḑ Ḑamān,Syria,3/15/2024
253,Boniface Grain,bgrain70@google.pl,459-558-3601,1167 Sullivan Place,Bethel Town,Jamaica,12/22/2023
254,Zollie McWhirter,zmcwhirter71@mediafire.com,649-622-7317,44 Cordelia Circle,Cahul,Moldova,2/24/2024
255,Jamill Cicchelli,jcicchelli72@sina.com.cn,516-695-7337,6 Muir Drive,Kelīshād va Sūdarjān,Iran,2/16/2024
256,Janela Liversley,jliversley73@usda.gov,658-304-7099,76840 Hallows Hill,Gore,New Zealand,10/4/2024
257,Adan Priddie,apriddie74@ox.ac.uk,203-237-3747,4576 Merchant Avenue,Teplice,Czech Republic,9/1/2024
258,Emlyn Wicklen,ewicklen75@twitpic.com,117-592-2897,08 Coleman Junction,Xiatang,China,10/20/2024
259,Jodi Branson,jbranson76@shutterfly.com,887-757-2087,502 Jackson Circle,Gostovići,Bosnia and Herzegovina,12/2/2023
260,Missie Cheater,mcheater77@ftc.gov,189-256-1791,77 New Castle Plaza,Shimen,China,2/26/2024
261,Gayle Leijs,gleijs78@pbs.org,849-974-1162,9 Raven Circle,Kalabahi,Indonesia,9/21/2024
262,Micheil Meltetal,mmeltetal79@google.com.hk,681-988-5477,7724 Daystar Road,Qinghaihu,China,11/27/2023
263,Murry Scraney,mscraney7a@ycombinator.com,111-724-6457,2281 Grim Avenue,Hikkaduwa,Sri Lanka,8/31/2024
264,Venus Rable,vrable7b@ameblo.jp,313-239-7826,43 Veith Crossing,Lamalewo,Indonesia,12/21/2023
265,Ruby Tumpane,rtumpane7c@comcast.net,637-261-0488,5364 Village Place,Sơn Tịnh,Vietnam,7/28/2024
266,Scarlett Bradbeer,sbradbeer7d@tinypic.com,437-681-7300,3 Del Sol Alley,Daphu,Bhutan,7/21/2024
267,Mora Curston,mcurston7e@vinaora.com,337-209-9379,53 Arkansas Court,Hengshui,China,5/3/2024
268,Helen Board,hboard7f@usnews.com,514-985-5167,49 Grasskamp Center,Loma Bonita,Mexico,8/10/2024
269,Maurice Neising,mneising7g@businesswire.com,355-838-7426,48 Cascade Park,Mainit,Philippines,8/5/2024
270,Guillema Eiler,geiler7h@google.pl,507-899-9915,64854 Logan Lane,Rincón,Dominican Republic,8/9/2024
271,Elwyn Fernandes,efernandes7i@ameblo.jp,462-621-0096,2 Scoville Road,Chai Nat,Thailand,6/28/2024
272,Rianon Biggs,rbiggs7j@toplist.cz,370-978-8823,62 Heath Alley,Szczecin,Poland,12/14/2023
273,Gerald Betton,gbetton7k@pbs.org,146-587-0580,7456 Eagle Crest Crossing,Kobayashi,Japan,3/2/2024
274,Noemi Emig,nemig7l@livejournal.com,501-318-8444,694 Del Sol Drive,Margita,Serbia,2/28/2024
275,Wallis Glowacha,wglowacha7m@posterous.com,675-737-4228,22542 Canary Street,Pinghu,China,12/10/2023
276,Kennett Voysey,kvoysey7n@wiley.com,964-482-6536,200 Brown Point,Kavásilas,Greece,4/4/2024
277,Adrian Bingall,abingall7o@godaddy.com,418-212-8670,57 Luster Street,Muesanaik,Indonesia,7/13/2024
278,Asa Caveau,acaveau7p@icq.com,425-571-5985,5067 Crest Line Plaza,Mijiang,China,3/30/2024
279,Beaufort Mallya,bmallya7q@google.com,775-388-2903,31686 Scoville Trail,Yizhivtsi,Ukraine,3/14/2024
280,Deanne Stell,dstell7r@last.fm,545-661-8824,38301 Novick Center,Lunenburg,Canada,12/10/2023
281,Munmro Guerrieri,mguerrieri7s@barnesandnoble.com,847-924-4423,34526 Bay Place,Donji Vakuf,Bosnia and Herzegovina,4/15/2024
282,Emlyn Dahler,edahler7t@eventbrite.com,438-310-9293,953 Bunting Plaza,Lobanovo,Russia,6/21/2024
283,Nero Undy,nundy7u@imageshack.us,153-963-3470,5197 Gulseth Street,Kema,Indonesia,7/2/2024
284,Reinaldos Byres,rbyres7v@dagondesign.com,683-578-1368,8515 Morningstar Point,Calsib,Philippines,5/31/2024
285,Dorree Ciric,dciric7w@va.gov,885-127-1164,51 Marquette Parkway,San Antonio,Mexico,3/3/2024
286,Germaine Toffanelli,gtoffanelli7x@mysql.com,376-778-1715,457 Larry Drive,Buensuseso,Philippines,10/15/2024
287,Zelma Gadesby,zgadesby7y@google.com.br,791-229-3930,062 Stang Court,Kapinango,Indonesia,11/8/2024
288,Drona Hadgraft,dhadgraft7z@people.com.cn,935-667-3859,2 Fair Oaks Street,Santa Maria,Philippines,11/21/2023
289,Gertrud Twitchings,gtwitchings80@sbwire.com,962-394-5854,36630 Washington Pass,Janja,Bosnia and Herzegovina,6/13/2024
290,Tiffy Parram,tparram81@desdev.cn,431-178-3115,74047 Redwing Trail,Dom Pedro,Brazil,11/3/2024
291,Cornie Reimer,creimer82@illinois.edu,121-443-0700,14 Rieder Trail,Al Mazzūnah,Tunisia,3/24/2024
292,Lulita Trayton,ltrayton83@g.co,101-626-2454,08096 Mandrake Plaza,Shuangzhu,China,3/9/2024
293,Filia Conti,fconti84@google.com.au,905-956-9796,6158 Mesta Plaza,Gornji Breg,Serbia,2/29/2024
294,Silvan Batrim,sbatrim85@scribd.com,636-901-4900,341 Washington Drive,Petite Rivière de Nippes,Haiti,9/24/2024
295,Kordula Tuckey,ktuckey86@livejournal.com,711-723-6888,2417 Mendota Point,Sidrolândia,Brazil,3/30/2024
296,Eddy Jagiela,ejagiela87@ebay.com,271-927-2880,3729 Saint Paul Court,Quinta de Valadares,Portugal,9/11/2024
297,Obadias Pickett,opickett88@themeforest.net,961-295-2463,8518 Village Green Lane,Juanshui,China,7/30/2024
298,Adelice Buddleigh,abuddleigh89@theguardian.com,357-460-4476,038 Manufacturers Place,Luhanka,Finland,2/16/2024
299,Wilhelmine Manderson,wmanderson8a@walmart.com,964-329-8169,083 Lotheville Pass,Bailan,Philippines,5/4/2024
300,Klarika Cluley,kcluley8b@hc360.com,583-695-5747,95 Mariners Cove Road,Nürnberg,Germany,1/17/2024
301,Jamison Beeze,jbeeze8c@dedecms.com,997-114-0824,2 Declaration Place,Susiec,Poland,3/2/2024
302,Carny Offer,coffer8d@last.fm,339-906-6830,12329 Scoville Way,Quintã,Portugal,2/3/2024
303,Faina Limbourne,flimbourne8e@tumblr.com,111-835-5474,752 Blue Bill Park Pass,Duma,China,4/30/2024
304,Laraine Duester,lduester8f@istockphoto.com,283-283-1559,9 Helena Street,Loma Bonita,Mexico,8/16/2024
305,Stefa Dengate,sdengate8g@diigo.com,197-250-2233,81 Buhler Drive,Fratar,Albania,6/2/2024
306,Bunni Plessing,bplessing8h@deliciousdays.com,582-527-0997,11050 Sycamore Plaza,Jincheng,China,8/2/2024
307,Rutger Valiant,rvaliant8i@umn.edu,672-274-3616,261 Northridge Alley,Toride,Japan,11/12/2024
308,Rickert Plumbley,rplumbley8j@kickstarter.com,150-277-1464,1640 Carioca Street,Xiaochi,China,1/7/2024
309,Ali O' Shea,ao8k@naver.com,128-178-9406,252 Hermina Park,Cognac,France,11/10/2024
310,Abraham Lambswood,alambswood8l@columbia.edu,595-216-3385,7598 Prairieview Alley,Guidong Chengguanzhen,China,4/5/2024
311,Deanne Corsor,dcorsor8m@nsw.gov.au,417-276-1351,262 Claremont Junction,Nirgua,Venezuela,6/6/2024
312,Gail Simeonov,gsimeonov8n@godaddy.com,547-282-6812,949 Lerdahl Pass,De la Paz,Philippines,5/1/2024
313,Davine Artrick,dartrick8o@nydailynews.com,665-991-3825,8839 Namekagon Circle,Al ‘Udayn,Yemen,9/3/2024
314,Reyna Chasles,rchasles8p@godaddy.com,779-770-6269,72502 Arkansas Drive,Hushan,China,12/9/2023
315,Hadleigh Hulle,hhulle8q@washingtonpost.com,640-251-5366,88 Kingsford Road,Jiangguanchi,China,9/28/2024
316,Maximilianus Cahan,mcahan8r@rakuten.co.jp,272-792-7998,17056 Schmedeman Street,Hexi,China,4/10/2024
317,Corny Fenemore,cfenemore8s@hibu.com,876-470-1167,149 Petterle Hill,Katabu,Indonesia,12/2/2023
318,Isabella Shawcross,ishawcross8t@salon.com,175-891-3210,17082 Briar Crest Lane,Zhongshan,China,4/20/2024
319,Daniele Ciccarelli,dciccarelli8u@newsvine.com,721-179-3068,567 Milwaukee Court,Zaytā,Palestinian Territory,8/30/2024
320,Hillyer Brydson,hbrydson8v@moonfruit.com,466-447-1109,09 Merchant Trail,Canoas,Brazil,11/30/2023
321,Christos Grigs,cgrigs8w@behance.net,866-575-2699,58 American Pass,Lorino,Russia,8/13/2024
322,Jacqui Curryer,jcurryer8x@instagram.com,665-330-9225,51997 Declaration Terrace,Shupenzë,Albania,1/18/2024
323,Roby Wylder,rwylder8y@unc.edu,628-895-5163,764 Dapin Road,Kamālia,Pakistan,3/9/2024
324,Amandie Pigne,apigne8z@cbc.ca,264-898-8292,089 Fordem Plaza,Kure,Japan,5/5/2024
325,Eada O'Fairy,eofairy90@gizmodo.com,977-690-8691,603 Bluejay Circle,Peace River,Canada,8/29/2024
326,Ikey Neeves,ineeves91@army.mil,133-751-4147,559 Anderson Hill,Qiujima,China,3/5/2024
327,Emile Scarlan,escarlan92@clickbank.net,332-430-8946,876 Susan Junction,Podujeva,Kosovo,1/6/2024
328,Staci Barensen,sbarensen93@sciencedirect.com,221-462-6190,2380 Michigan Way,Lefengzhen,China,10/15/2024
329,Melly Hully,mhully94@liveinternet.ru,584-932-1878,5 Gina Alley,L-Iklin,Malta,7/31/2024
330,Erny Cabel,ecabel95@paypal.com,484-618-8663,0697 Randy Alley,Ekimchan,Russia,11/23/2023
331,Julienne Esberger,jesberger96@surveymonkey.com,156-569-9332,6042 Mccormick Hill,Los Guayos,Venezuela,11/12/2024
332,Kit Shutte,kshutte97@mit.edu,842-939-4506,692 Claremont Street,Tumba,Sweden,2/13/2024
333,Dasha MacBean,dmacbean98@ebay.com,147-860-0564,07 Sheridan Drive,Fushun,China,9/9/2024
334,Sallee Borgesio,sborgesio99@qq.com,920-930-9935,5 Erie Court,Kanchanaburi,Thailand,7/27/2024
335,Krysta Tran,ktran9a@ow.ly,766-478-1863,9654 Hallows Way,Moyamba,Sierra Leone,8/29/2024
336,Raddy Farbrace,rfarbrace9b@myspace.com,738-207-6911,1 Southridge Park,Carvalhal,Portugal,9/15/2024
337,Wernher Boniface,wboniface9c@ucoz.ru,893-348-4074,4491 Melrose Place,Genova,Italy,7/31/2024
338,Micky Colgrave,mcolgrave9d@stanford.edu,611-205-5130,797 Mandrake Way,Quintão,Portugal,9/3/2024
339,Bartholomeus Van Leeuwen,bvan9e@wiley.com,911-428-9988,426 Longview Park,Kuz’minskiye Otverzhki,Russia,6/7/2024
340,Brianne Lieb,blieb9f@macromedia.com,966-346-6934,27 Sundown Point,Locminé,France,1/5/2024
341,Roanna McQuirter,rmcquirter9g@g.co,493-760-2937,3 Rieder Trail,Dziergowice,Poland,6/10/2024
342,Beale Skeleton,bskeleton9h@dropbox.com,702-183-5666,54960 Lunder Plaza,Carrefour,Haiti,4/15/2024
343,Kiel Webermann,kwebermann9i@g.co,790-911-8584,5483 Crowley Terrace,Jeziorany,Poland,5/24/2024
344,Waring Carlucci,wcarlucci9j@desdev.cn,445-801-2984,505 Amoth Road,Gia Nghĩa,Vietnam,2/28/2024
345,Terri Reape,treape9k@bloglovin.com,812-652-3174,5989 Summit Way,Abóboda,Portugal,4/7/2024
346,Marylinda Brentnall,mbrentnall9l@google.es,849-471-0455,58 Londonderry Road,Zhuangbu,China,9/11/2024
347,Ambur Masic,amasic9m@multiply.com,479-572-3107,91 Darwin Plaza,Shchëkino,Russia,4/30/2024
348,Kennedy McRuvie,kmcruvie9n@nymag.com,852-330-1534,14143 David Junction,Fenghuanglu,China,3/23/2024
349,Maddalena Yackiminie,myackiminie9o@phoca.cz,449-125-9125,4932 Drewry Plaza,Hadžići,Bosnia and Herzegovina,6/10/2024
350,Sibyl Bromige,sbromige9p@chicagotribune.com,824-396-7864,299 Kim Street,Ciudad Guayana,Venezuela,1/15/2024
351,Emilia Bolgar,ebolgar9q@example.com,515-762-4693,71762 Harbort Junction,El Fahs,Tunisia,8/25/2024
352,Anatollo Delf,adelf9r@edublogs.org,392-808-0923,4 Saint Paul Hill,Sebuku,Indonesia,3/26/2024
353,Rodd Hawksley,rhawksley9s@sun.com,383-435-0709,0440 Northfield Way,Ntaur Satu,Indonesia,8/27/2024
354,Kristoforo Kellie,kkellie9t@aboutads.info,932-456-7787,1458 Darwin Way,Saint-Bruno,Canada,2/24/2024
355,Dorey Melley,dmelley9u@mozilla.org,633-797-3187,00105 Columbus Street,Little Baguio,Philippines,11/8/2024
356,Harv Pettus,hpettus9v@php.net,229-717-7253,83640 Iowa Point,Lixiqiao,China,12/15/2023
357,Ki Woolis,kwoolis9w@amazon.co.uk,516-395-9735,251 Cardinal Park,Qinlan,China,12/20/2023
358,Rosemary Longford,rlongford9x@dedecms.com,402-693-6034,71 Toban Junction,Yege,China,4/10/2024
359,Welsh Backler,wbackler9y@multiply.com,308-863-2825,12 Carioca Parkway,La Molina,Peru,10/2/2024
360,Alisun Adaway,aadaway9z@ning.com,447-363-2748,3284 Prairieview Circle,Casais de Revelhos,Portugal,11/12/2024
361,Jemimah Cullen,jcullena0@dmoz.org,829-222-3296,4733 Village Park,Shikeng,China,3/3/2024
362,Selig Bonhome,sbonhomea1@slashdot.org,491-883-3517,526 David Avenue,Vichuga,Russia,11/27/2023
363,Fidela Franies,ffraniesa2@issuu.com,107-867-7254,3901 Upham Road,Capacmarca,Peru,6/1/2024
364,Mortie Cantu,mcantua3@networkadvertising.org,531-657-4465,6 Ruskin Avenue,Jaguarão,Brazil,3/15/2024
365,Hortense Britnell,hbritnella4@over-blog.com,144-897-6877,2332 Carey Pass,Manjakandriana,Madagascar,2/27/2024
366,Hazel Mcwhinnie,hmcwhinniea5@goo.ne.jp,759-662-0993,97 Buena Vista Street,Kihniö,Finland,11/15/2023
367,Julian Maughan,jmaughana6@sbwire.com,809-395-4773,7 Basil Point,Huangsha,China,9/3/2024
368,Perrine Caldwall,pcaldwalla7@ebay.co.uk,285-661-4050,41 Farragut Parkway,Trinaterra,Portugal,12/28/2023
369,Aubree Kliner,aklinera8@ameblo.jp,228-369-8776,302 Glacier Hill Road,Hongshan,China,12/2/2023
370,Ronalda Fer,rfera9@amazonaws.com,836-364-3374,0447 Portage Lane,Iwye,Belarus,5/15/2024
371,Modesty Nuss,mnussaa@marriott.com,562-936-1335,939 Rigney Place,Teslić,Bosnia and Herzegovina,1/28/2024
372,Chalmers Callar,ccallarab@cam.ac.uk,107-623-4579,2 Victoria Street,Las Flores,Mexico,3/20/2024
373,Glori Scone,gsconeac@apache.org,117-109-8601,795 Burrows Avenue,Waajid,Somalia,9/21/2024
374,Clayton Ferrieres,cferrieresad@ucla.edu,565-208-0346,11484 Corben Terrace,Zhangdiyingzi,China,4/28/2024
375,Katha Ebbin,kebbinae@pcworld.com,301-440-1454,8787 Riverside Circle,Jarocin,Poland,6/15/2024
376,Bellanca Primrose,bprimroseaf@tripod.com,362-550-9755,21 Doe Crossing Center,Mlanggeng,Indonesia,5/24/2024
377,Olwen Naile,onaileag@histats.com,235-977-0158,219 Glacier Hill Road,Bojongnangka,Indonesia,7/8/2024
378,Danya Huitson,dhuitsonah@princeton.edu,314-324-2881,59 Swallow Place,Vygonichi,Russia,9/29/2024
379,Godart Binding,gbindingai@moonfruit.com,376-815-2281,47 Lyons Road,Masaran,Indonesia,8/24/2024
380,Thorvald Haspineall,thaspineallaj@w3.org,980-601-6956,41155 Sunbrook Way,Tiyingtali Kelod,Indonesia,8/24/2024
381,Lyndell Lessmare,llessmareak@barnesandnoble.com,214-457-8633,0264 Nova Street,Stord,Norway,4/21/2024
382,Catie Zute,czuteal@wikispaces.com,852-834-4669,070 Union Lane,Mloko,Indonesia,9/18/2024
383,Reinwald Gillice,rgilliceam@furl.net,723-895-2782,3459 Moland Plaza,Mapiri,Bolivia,3/3/2024
384,Bari Skaid,bskaidan@intel.com,722-244-9627,74 Upham Center,Rio Bonito,Brazil,1/31/2024
385,Catherin Bonnick,cbonnickao@hexun.com,326-605-1162,7582 Bobwhite Crossing,Stará Huť,Czech Republic,6/22/2024
386,Bale Myrtle,bmyrtleap@mediafire.com,158-371-4121,34 Utah Alley,Nairobi,Kenya,3/5/2024
387,Lucas Gerholz,lgerholzaq@ezinearticles.com,104-660-3921,29991 Lillian Lane,Abnūb,Egypt,5/3/2024
388,Christophorus Rawkesby,crawkesbyar@europa.eu,352-870-3183,55 Fair Oaks Crossing,Jatisari,Indonesia,10/9/2024
389,Knox Carillo,kcarilloas@booking.com,633-329-2420,0621 Delaware Crossing,Oslo,Norway,11/9/2024
390,Cordy Napthine,cnapthineat@java.com,105-206-7986,4868 Johnson Hill,Daixi,China,10/4/2024
391,Cassandry Bousquet,cbousquetau@eepurl.com,559-680-5407,9 Sachtjen Crossing,Banjarmasin,Indonesia,2/14/2024
392,Antoine Firman,afirmanav@google.co.uk,497-723-9639,8331 Glacier Hill Junction,Partille,Sweden,8/11/2024
393,Penrod Bushby,pbushbyaw@state.tx.us,654-507-0996,79224 Hintze Parkway,Ambovombe,Madagascar,8/7/2024
394,Freeland Portman,fportmanax@twitter.com,460-336-1153,3068 Sauthoff Point,Ngasinan,Indonesia,3/5/2024
395,Ramsay Bateman,rbatemanay@tinypic.com,457-151-7174,451 Pierstorff Point,Guozhai,China,11/14/2023
396,Maryrose Craigmile,mcraigmileaz@cpanel.net,252-249-0961,536 Victoria Road,Krajan,Indonesia,3/12/2024
397,Ardisj Nadin,anadinb0@census.gov,975-589-0386,50651 Mitchell Road,El Carmen,Peru,1/1/2024
398,Lilas Le Prevost,lleb1@goodreads.com,605-848-1273,86 Pennsylvania Plaza,Rybí,Czech Republic,3/23/2024
399,Dorolisa Szymoni,dszymonib2@tumblr.com,151-772-8732,8755 Ludington Junction,Runsonglaozhai,China,3/13/2024
400,Petey Dowson,pdowsonb3@lycos.com,839-653-1947,987 Lakewood Alley,Starý Bohumín,Czech Republic,6/7/2024
401,Roderich Yetton,ryettonb4@linkedin.com,458-490-5222,5 Packers Place,Nogoonnuur,Mongolia,11/2/2024
402,Sashenka Eddie,seddieb5@ibm.com,457-741-9509,64 Namekagon Center,Västerås,Sweden,9/3/2024
403,Carson Bradnam,cbradnamb6@yandex.ru,731-751-4155,55509 Forster Parkway,Nuevo Arraiján,Panama,12/17/2023
404,Ole Kellogg,okelloggb7@list-manage.com,656-655-7049,01 Nancy Lane,Sevan,Armenia,4/8/2024
405,Alix Bartoszewski,abartoszewskib8@g.co,671-540-2731,340 Fisk Trail,Florestópolis,Brazil,8/2/2024
406,Zedekiah Batchelar,zbatchelarb9@ask.com,796-728-9491,672 Arkansas Plaza,Karara,Indonesia,10/7/2024
407,Jeralee Kinchley,jkinchleyba@mit.edu,318-855-4307,40016 Lindbergh Way,Kosamphi Nakhon,Thailand,6/6/2024
408,Keen Jonuzi,kjonuzibb@mapy.cz,573-964-9674,9681 Golf Course Way,Nybro,Sweden,6/16/2024
409,Ilyssa Kohrsen,ikohrsenbc@ucla.edu,153-758-8080,2696 Forest Dale Junction,Kilifarevo,Bulgaria,12/17/2023
410,Estella Dahlback,edahlbackbd@delicious.com,411-997-5807,2119 Loftsgordon Drive,Anping,China,8/15/2024
411,Neilla Wythe,nwythebe@elpais.com,202-879-8428,654 Clarendon Crossing,Washington,United States,11/23/2023
412,Caro Bencher,cbencherbf@clickbank.net,148-669-1110,516 Johnson Road,Tikiw,Philippines,5/5/2024
413,Novelia Portman,nportmanbg@prlog.org,118-899-2044,152 Algoma Parkway,Cantagallo,Colombia,7/7/2024
414,Nancie Sunley,nsunleybh@vkontakte.ru,135-579-1324,9 Cody Court,Durazno,Uruguay,11/26/2023
415,Israel Nation,inationbi@facebook.com,943-173-6754,30 Kings Lane,Yerba Buena,Argentina,10/28/2024
416,Rodrick Honeyghan,rhoneyghanbj@nature.com,368-400-6593,651 Acker Lane,Dapdap,Philippines,1/11/2024
417,Aubry Bendixen,abendixenbk@acquirethisname.com,514-675-4745,05 Stoughton Drive,Liangzeng,China,10/26/2024
418,Betti Pinnere,bpinnerebl@unc.edu,236-593-2128,2 Daystar Court,Yasenskaya,Russia,3/15/2024
419,Elise De Giorgio,edebm@slideshare.net,342-430-1262,0734 Hanover Circle,Gobojango,Botswana,12/29/2023
420,Bobby Votier,bvotierbn@cnbc.com,659-329-0298,8 Manley Lane,Sadananya,Indonesia,9/30/2024
421,Bradney McInulty,bmcinultybo@google.pl,468-861-7572,821 Arkansas Way,Colos,Portugal,3/29/2024
422,Dominik Smidmoor,dsmidmoorbp@purevolume.com,720-647-1076,80197 Coolidge Drive,Heřmanův Městec,Czech Republic,10/7/2024
423,Allissa Bulloch,abullochbq@last.fm,668-419-6226,4 Kingsford Junction,Pravdinsk,Russia,7/2/2024
424,Cheri Marjoribanks,cmarjoribanksbr@hao123.com,310-134-8110,888 American Court,Inglewood,United States,4/16/2024
425,Byron Dallinder,bdallinderbs@nbcnews.com,399-884-9509,93 Sauthoff Center,Kara Suu,Kyrgyzstan,9/28/2024
426,Elisha Stirley,estirleybt@technorati.com,759-883-3929,8138 Dryden Park,Sukhobuzimskoye,Russia,12/19/2023
427,Lion Stoddart,lstoddartbu@google.nl,529-587-6319,546 6th Terrace,Novokuz’minki,Russia,11/10/2024
428,Gerhardt Escudier,gescudierbv@printfriendly.com,976-202-3787,59 Londonderry Way,Falefa,Samoa,11/22/2023
429,Der Teliga,dteligabw@sun.com,557-826-1894,05 Artisan Way,Rio de Mouro,Portugal,6/29/2024
430,Gayle Allsobrook,gallsobrookbx@weibo.com,776-170-4490,170 Texas Court,Miringa,Nigeria,2/11/2024
431,Daphene Ashenhurst,dashenhurstby@mlb.com,828-315-9326,2736 Blue Bill Park Plaza,Rosa Zarate,Ecuador,10/31/2024
432,Gothart Lochrie,glochriebz@amazon.com,771-266-1648,4307 Lawn Place,Föglö,Aland Islands,12/5/2023
433,Merill Sommerlin,msommerlinc0@mlb.com,397-241-9027,525 Parkside Street,Merik,Indonesia,10/5/2024
434,Umberto Short,ushortc1@blogger.com,639-507-0897,6668 Helena Plaza,Quetta,Pakistan,11/19/2023
435,Natalie Flounders,nfloundersc2@va.gov,198-621-7312,84 Barnett Parkway,Pucallpa,Peru,3/13/2024
436,Emlynne Schuchmacher,eschuchmacherc3@creativecommons.org,666-712-0681,8737 Tony Drive,Huangbayi,China,6/25/2024
437,Jackie Mustoo,jmustooc4@angelfire.com,165-119-8372,1700 Sullivan Trail,Bocos,Philippines,4/30/2024
438,Zollie Hradsky,zhradskyc5@ihg.com,850-635-2281,74437 Hanover Trail,Troyan,Bulgaria,3/27/2024
439,Brennan Blitz,bblitzc6@prweb.com,202-777-8386,874 Stuart Avenue,Zapolyarnyy,Russia,1/2/2024
440,Franky Reside,fresidec7@360.cn,498-562-8145,78 Oak Valley Hill,Suhe,China,1/8/2024
441,Erl Corde,ecordec8@nbcnews.com,756-392-3597,5 Almo Street,Baykalovo,Russia,6/18/2024
442,Eden Adamovicz,eadamoviczc9@bloglovin.com,143-619-2012,6630 Monterey Avenue,Liuji,China,10/17/2024
443,Diann Medendorp,dmedendorpca@bravesites.com,632-829-6763,67188 Sunnyside Street,Ankaran,Slovenia,9/19/2024
444,Elnar McCotter,emccottercb@npr.org,401-791-1411,87141 Butternut Plaza,Krasnystaw,Poland,7/21/2024
445,Sigismond Sparrowhawk,ssparrowhawkcc@sfgate.com,800-676-4006,213 Cottonwood Avenue,Armentières,France,3/11/2024
446,Orazio Chesser,ochessercd@multiply.com,914-875-8013,840 Clemons Street,Nanae,Japan,11/27/2023
447,Berrie Denziloe,bdenziloece@devhub.com,449-362-2192,07 Kinsman Road,Sobral,Brazil,9/13/2024
448,Barby Rosenbarg,brosenbargcf@weibo.com,721-975-9770,5 Dunning Street,Banggel,Indonesia,10/5/2024
449,Ame Massei,amasseicg@macromedia.com,265-834-0268,010 Gulseth Lane,Waipawa,New Zealand,9/29/2024
450,Jo-ann Ruddle,jruddlech@weather.com,171-563-9576,41 Bluejay Avenue,Karangarjo,Indonesia,10/27/2024
451,Whitman Sollime,wsollimeci@amazon.co.jp,994-896-3259,8 Judy Circle,Volovets,Ukraine,2/3/2024
452,Bertrand Talboy,btalboycj@ocn.ne.jp,922-844-7274,771 Lakeland Center,Dąbie,Poland,10/27/2024
453,Rafaellle Huerta,rhuertack@clickbank.net,300-708-7440,94296 Hintze Circle,Gondar,Portugal,9/28/2024
454,Darrick Yeeles,dyeelescl@mayoclinic.com,131-601-0817,24 Mallory Terrace,Stockholm,Sweden,8/23/2024
455,Ancell Straneo,astraneocm@virginia.edu,769-690-5441,093 7th Way,Mariano Moreno,Argentina,3/27/2024
456,Farrell Toward,ftowardcn@surveymonkey.com,183-560-8255,4619 Burning Wood Plaza,Sugcad,Philippines,4/27/2024
457,Aggy Bautiste,abautisteco@google.nl,864-375-3176,34 Browning Center,Nicola Town,Saint Kitts and Nevis,9/12/2024
458,Georgi Prynne,gprynnecp@dailymotion.com,304-669-6944,34000 Mariners Cove Plaza,Malaya Dubna,Russia,8/11/2024
459,Kim Newell,knewellcq@tiny.cc,706-873-1323,489 Cambridge Road,Shancheng,China,3/1/2024
460,Dorrie Tither,dtithercr@histats.com,948-688-6618,62977 International Pass,Cholet,France,10/11/2024
461,Bobbye Galler,bgallercs@barnesandnoble.com,336-196-0682,9741 Lakewood Gardens Hill,Veliko Tŭrnovo,Bulgaria,1/4/2024
462,Ashlan Treherne,atrehernect@booking.com,572-282-6338,9 Vidon Circle,Bolesławiec,Poland,8/9/2024
463,Erek Pavel,epavelcu@infoseek.co.jp,410-650-0259,779 Kipling Crossing,Anin,Indonesia,5/8/2024
464,Heloise Carah,hcarahcv@timesonline.co.uk,835-506-9136,14357 Buena Vista Circle,Balaka,Malawi,9/6/2024
465,Dermot MacMearty,dmacmeartycw@angelfire.com,320-578-7743,96 Fairview Avenue,Lawdar,Yemen,7/2/2024
466,Cherey Dowtry,cdowtrycx@cornell.edu,399-199-5489,7833 Tennessee Terrace,Itapetininga,Brazil,6/24/2024
467,Teresa Sowter,tsowtercy@cnn.com,750-410-7531,1 Schiller Road,Sathon,Thailand,6/12/2024
468,Berke Hartus,bhartuscz@java.com,535-419-1974,51855 Meadow Valley Road,Jaunpils,Latvia,5/2/2024
469,Ketty Bril,kbrild0@nydailynews.com,284-539-7806,5 Continental Center,Skhira,Tunisia,1/8/2024
470,Marcos Lickorish,mlickorishd1@springer.com,520-746-5643,36755 Hudson Center,Songnan,China,4/12/2024
471,Aloysius Caselick,acaselickd2@php.net,524-367-9882,9 Rutledge Pass,Kudirkos Naumiestis,Lithuania,7/3/2024
472,Reg Blaisdale,rblaisdaled3@goo.ne.jp,840-149-0074,83 Marquette Court,Aquin,Haiti,4/3/2024
473,Sollie Tortice,storticed4@weibo.com,913-744-5980,942 Barnett Lane,Umeå,Sweden,11/11/2024
474,Benito Peirson,bpeirsond5@odnoklassniki.ru,427-739-9142,77778 Manitowish Center,Virginia,Ireland,5/7/2024
475,Huberto Ruthen,hruthend6@ihg.com,515-224-8307,1 Glendale Center,Évry,France,9/16/2024
476,Jeanelle Antoniottii,jantoniottiid7@kickstarter.com,438-181-9543,30094 Lakewood Hill,Kavadarci,Macedonia,7/5/2024
477,Link Pantone,lpantoned8@adobe.com,307-968-7954,93 Green Hill,Cheyenne,United States,5/19/2024
478,Josy Bellhanger,jbellhangerd9@people.com.cn,623-457-4902,2 Tony Crossing,Xigebi,China,8/23/2024
479,Marijo Pledge,mpledgeda@fema.gov,981-444-5813,6 Homewood Avenue,Melun,France,7/27/2024
480,Lacie Samett,lsamettdb@bravesites.com,126-499-3581,0 Iowa Plaza,Borås,Sweden,11/24/2023
481,Chrissy Janton,cjantondc@ibm.com,800-522-3021,32976 Maple Court,Paris 12,France,10/30/2024
482,Jeremiah Bick,jbickdd@theguardian.com,951-457-1827,11400 Ohio Plaza,Kawangohari,Indonesia,7/10/2024
483,Cole Walenta,cwalentade@studiopress.com,859-903-0920,4 Dexter Alley,Yiyang,China,3/2/2024
484,Aldis Robus,arobusdf@facebook.com,522-481-5910,6 Cardinal Junction,Kuangsan,Indonesia,12/19/2023
485,Sarine Ethelston,sethelstondg@comcast.net,143-628-2354,64 Spohn Alley,Zaoxi,China,11/16/2023
486,Clare Kinneally,ckinneallydh@chron.com,332-283-6684,943 Calypso Terrace,São Sebastião do Paraíso,Brazil,9/16/2024
487,Emanuele Rosenberg,erosenbergdi@naver.com,360-438-1518,488 Artisan Center,Eskifjörður,Iceland,3/8/2024
488,Orsola Lorroway,olorrowaydj@nyu.edu,709-177-9785,960 Erie Center,San Antonio,Mexico,3/23/2024
489,Tess Durward,tdurwarddk@oracle.com,339-426-5381,563 Forster Junction,Siepraw,Poland,12/24/2023
490,Lenette Pulver,lpulverdl@multiply.com,174-741-3355,9 Shelley Road,Chambas,Cuba,1/13/2024
491,Eugenia Loseby,elosebydm@nbcnews.com,642-975-6089,6949 Melvin Street,Al ‘Ulá,Saudi Arabia,1/26/2024
492,Eulalie MacVagh,emacvaghdn@bandcamp.com,550-943-6825,629 Scoville Court,Krasnofarfornyy,Russia,8/11/2024
493,Doris Campo,dcampodo@creativecommons.org,490-849-5206,821 Starling Center,Panyingkiran,Indonesia,2/12/2024
494,Nanette Wabey,nwabeydp@timesonline.co.uk,332-584-9997,385 Carioca Terrace,Carquefou,France,10/2/2024
495,Lodovico MacEvilly,lmacevillydq@yahoo.com,555-548-5508,916 Lerdahl Lane,Jinxiang,China,11/11/2024
496,Lucinda Whicher,lwhicherdr@smh.com.au,205-815-8324,82 Ronald Regan Drive,Longonjo,Angola,12/9/2023
497,Modesty Pleager,mpleagerds@usgs.gov,696-129-2976,0 Forster Park,Ekibastuz,Kazakhstan,8/4/2024
498,Vilhelmina Coners,vconersdt@huffingtonpost.com,978-422-4660,272 Del Mar Plaza,Adelaide Mail Centre,Australia,10/6/2024
499,Hi Shawell,hshawelldu@plala.or.jp,527-765-8299,20 Darwin Road,Växjö,Sweden,4/3/2024
500,Clemmy Fisk,cfiskdv@amazonaws.com,582-305-6343,5614 Melrose Lane,La Plaine-Saint-Denis,France,11/6/2024
501,Hurleigh McAsgill,hmcasgilldw@alibaba.com,606-382-2023,2 Washington Circle,Shināş,Oman,7/14/2024
502,Cordelia Droghan,cdroghandx@hhs.gov,446-365-1385,3 Eliot Place,Bastos,Brazil,11/16/2023
503,April Partington,apartingtondy@typepad.com,660-643-8971,0955 Golf Course Trail,Jintang,China,8/10/2024
504,Nelle Silber,nsilberdz@merriam-webster.com,690-859-2192,86 Lawn Trail,Koatas Lao,Indonesia,3/25/2024
505,Belinda Bessent,bbessente0@smh.com.au,404-834-3071,7 Surrey Terrace,Ḩajjah,Palestinian Territory,7/17/2024
506,Brien Harding,bhardinge1@amazon.co.uk,101-373-4336,239 Thackeray Pass,Communal,Philippines,8/10/2024
507,Brig Mitton,bmittone2@ca.gov,618-868-0863,5 Sommers Place,Otyniya,Ukraine,6/22/2024
508,Stillmann Jennins,sjenninse3@yandex.ru,175-371-3881,635 Moose Drive,Poręba Spytkowska,Poland,1/19/2024
509,Weider Tuerena,wtuerenae4@google.es,525-283-1999,0728 East Alley,New Sibonga,Philippines,12/18/2023
510,Lanae McLaggan,lmclaggane5@redcross.org,617-412-5739,132 Hudson Pass,Cileueur,Indonesia,12/5/2023
511,Toby Metrick,tmetricke6@cnet.com,309-775-4751,5256 Grim Drive,Konin,Poland,12/15/2023
512,Teriann Beirne,tbeirnee7@abc.net.au,404-673-7279,3084 Oneill Street,Uppsala,Sweden,8/19/2024
513,Camilla Barwack,cbarwacke8@wikimedia.org,862-872-7074,82 Pepper Wood Trail,Paterson,United States,10/16/2024
514,Vanni Brownscombe,vbrownscombee9@plala.or.jp,341-531-9988,0713 Packers Center,Liulin,China,8/29/2024
515,Roxine Cholerton,rcholertonea@apple.com,602-839-9742,0064 Lighthouse Bay Place,Tempe,United States,6/29/2024
516,Frasco Oldcote,foldcoteeb@angelfire.com,150-319-2223,45922 Truax Road,Kalej,Poland,2/9/2024
517,Sorcha Mingaye,smingayeec@photobucket.com,417-842-5073,60 Crescent Oaks Road,Ohafia-Ifigh,Nigeria,7/12/2024
518,Raine Alenov,ralenoved@over-blog.com,894-682-7267,11 Schmedeman Road,Nangabere,Indonesia,5/7/2024
519,Worthington Oleszkiewicz,woleszkiewiczee@weibo.com,387-398-6828,7794 Heath Park,Kasturi,Indonesia,6/15/2024
520,Josephina Kleinerman,jkleinermanef@spotify.com,164-375-8466,3 Forest Run Hill,Casal do Sapo,Portugal,4/30/2024
521,Kala Linskill,klinskilleg@nsw.gov.au,889-564-3444,525 Amoth Trail,Beverwijk,Netherlands,12/12/2023
522,Lorri Brabin,lbrabineh@comcast.net,308-104-0191,7424 Comanche Crossing,Ivry-sur-Seine,France,5/15/2024
523,Rayna Stewartson,rstewartsonei@g.co,935-426-8709,10689 Oak Alley,Musanze,Rwanda,8/21/2024
524,Chrotoem Deinert,cdeinertej@ucoz.com,665-626-1717,90654 Monica Way,Mirocin,Poland,10/28/2024
525,Jorie Cunrado,jcunradoek@wordpress.com,298-179-2907,12217 Meadow Vale Way,Aksarka,Russia,12/9/2023
526,Rozella Bolan,rbolanel@uol.com.br,431-706-4849,9176 Oriole Place,Jialou,China,9/1/2024
527,Reena Spillard,rspillardem@dailymotion.com,641-172-1089,311 Swallow Pass,Cimanggu Wetan,Indonesia,4/16/2024
528,Rori Drioli,rdriolien@spotify.com,906-197-8220,1 Gina Court,Los Cóndores,Argentina,1/7/2024
529,Carlyn Sheardown,csheardowneo@bloglovin.com,873-832-6517,6106 Stang Parkway,Gangou,China,3/20/2024
530,Bernardo Leavold,bleavoldep@bloglovin.com,203-204-3430,44436 4th Hill,Zeerust,South Africa,2/23/2024
531,Wendell Petzolt,wpetzolteq@buzzfeed.com,267-458-1120,79 Oak Valley Park,Tafí del Valle,Argentina,11/14/2023
532,Mata Jaquest,mjaquester@odnoklassniki.ru,411-567-3427,575 Moland Place,Tres Isletas,Argentina,11/10/2024
533,Earle Fenty,efentyes@acquirethisname.com,650-198-2766,8 Melvin Point,Mizur,Russia,7/7/2024
534,Danella Garriock,dgarriocket@yahoo.com,931-263-8544,44316 Lawn Terrace,Independencia,Mexico,3/9/2024
535,Faye Eldershaw,feldershaweu@sina.com.cn,433-335-0299,34 Memorial Avenue,Magisterial,Mexico,11/6/2024
536,Cassandre Lawford,clawfordev@economist.com,904-372-7342,0 Autumn Leaf Center,Huamachuco,Peru,11/28/2023
537,Shellie Temblett,stemblettew@i2i.jp,966-534-7368,020 Di Loreto Place,Saryshaghan,Kazakhstan,3/15/2024
538,Aldon Algy,aalgyex@live.com,250-919-2474,5073 Northridge Trail,Cluny,Mauritius,7/7/2024
539,Elvis O'Driscole,eodriscoleey@nih.gov,580-876-6832,311 Oakridge Trail,Nyköping,Sweden,3/9/2024
540,Maggie O'Currine,mocurrineez@imgur.com,737-818-8030,8 Talisman Lane,Tilburg,Netherlands,7/9/2024
541,Rockey Nurdin,rnurdinf0@ucoz.com,576-847-4451,9182 Center Circle,Looc,Philippines,10/29/2024
542,Bria Charlot,bcharlotf1@skype.com,833-701-5069,5 Paget Point,Östersund,Sweden,10/2/2024
543,Konstance Zottoli,kzottolif2@cargocollective.com,336-623-1591,2 Anzinger Court,Kašperské Hory,Czech Republic,8/7/2024
544,Rosaleen Fittis,rfittisf3@jigsy.com,333-910-2705,16798 Elmside Way,Vratsa,Bulgaria,2/28/2024
545,Yvor Stealfox,ystealfoxf4@theguardian.com,451-589-1110,81 Clyde Gallagher Point,Boychinovtsi,Bulgaria,5/9/2024
546,Nickolai Bairstow,nbairstowf5@blogger.com,339-954-3099,5 Saint Paul Crossing,Prao,Vietnam,9/17/2024
547,Halie Kliesl,hklieslf6@vkontakte.ru,749-901-6720,28 Farmco Court,Lleida,Spain,10/21/2024
548,Corty Bernakiewicz,cbernakiewiczf7@nature.com,240-859-5683,3053 Talisman Trail,Singa,Peru,2/5/2024
549,Alessandra Steffens,asteffensf8@creativecommons.org,344-849-1097,646 Canary Trail,Janakpur,Nepal,1/10/2024
550,Myles Clardge,mclardgef9@cornell.edu,255-560-3723,5 Linden Place,Huamachuco,Peru,10/22/2024
551,Doralyn Teliga,dteligafa@slideshare.net,358-423-5904,88602 Mesta Terrace,Yangkou,China,5/24/2024
552,Margaret Horder,mhorderfb@wufoo.com,265-391-0403,13205 Shopko Point,Gaoqiu,China,5/24/2024
553,Starr Trude,strudefc@constantcontact.com,912-387-4482,15845 Utah Alley,Natarleba,Indonesia,4/6/2024
554,Molli Grundell,mgrundellfd@illinois.edu,457-214-4840,898 Messerschmidt Circle,Herne,Germany,5/8/2024
555,Oliver Blanchet,oblanchetfe@friendfeed.com,446-293-0929,4982 Moland Junction,Jiaokou,China,10/22/2024
556,Kial Hartless,khartlessff@theguardian.com,607-336-9260,15476 Stang Plaza,Krupanj,Serbia,11/15/2023
557,Wyn Tiddy,wtiddyfg@symantec.com,661-222-8132,7396 Grover Lane,Konibodom,Tajikistan,7/11/2024
558,Roxie Chinnock,rchinnockfh@google.es,234-865-0625,88533 Vahlen Lane,Uruzgān,Afghanistan,11/4/2024
559,Cyrillus Stempe,cstempefi@desdev.cn,889-424-2584,4 Brickson Park Hill,General Manuel J. Campos,Argentina,1/23/2024
560,Perry Rathbourne,prathbournefj@istockphoto.com,394-317-3635,6206 Eastwood Circle,Lembanah,Indonesia,4/13/2024
561,Christan Tomaszczyk,ctomaszczykfk@zdnet.com,391-637-1395,335 Homewood Plaza,Vareiá,Greece,11/25/2023
562,Adolf Cowthard,acowthardfl@netlog.com,435-309-1307,9 Lien Junction,Adzopé,Ivory Coast,9/4/2024
563,Patten Clinch,pclinchfm@bloomberg.com,931-881-9394,908 Bellgrove Terrace,Bolengpulau,Indonesia,5/15/2024
564,Giselle Boyse,gboysefn@google.com.au,139-984-6079,3132 Jackson Pass,Anna Regina,Guyana,1/27/2024
565,Lewiss Gawthorp,lgawthorpfo@lulu.com,197-214-6123,06284 Bowman Court,Junshan,China,8/13/2024
566,Kerr Wathell,kwathellfp@indiegogo.com,420-650-8127,07237 Bunker Hill Plaza,Alangalang,Philippines,11/16/2023
567,Candis Downs,cdownsfq@ucoz.ru,980-826-5566,1917 Twin Pines Alley,Limonade,Haiti,5/24/2024
568,Barde Worner,bwornerfr@tinyurl.com,742-673-1102,980 Merrick Alley,Cungkal,Indonesia,1/16/2024
569,Milissent Tapp,mtappfs@delicious.com,354-156-5451,767 Merchant Way,Belleville,Canada,4/28/2024
570,Shandeigh Clash,sclashft@sogou.com,507-334-9418,74318 Forest Dale Junction,Xiayang,China,10/17/2024
571,Cristabel Clementel,cclementelfu@hugedomains.com,569-666-0374,19 Westport Pass,Qaffīn,Palestinian Territory,8/13/2024
572,Esme Trumble,etrumblefv@odnoklassniki.ru,452-789-6639,94 Independence Road,Kampánis,Greece,7/18/2024
573,Blanch Ferby,bferbyfw@godaddy.com,732-448-6554,494 Jay Way,Barueri,Brazil,4/10/2024
574,Marillin Chardin,mchardinfx@vistaprint.com,185-670-1222,4 Waywood Point,Orissaare,Estonia,4/17/2024
575,Brennen Jupe,bjupefy@1und1.de,745-479-3768,700 Melvin Lane,Sasaguri,Japan,8/21/2024
576,Sunny Storm,sstormfz@skype.com,104-280-7684,98857 Twin Pines Lane,Wenshang,China,7/7/2024
577,Olav Allpress,oallpressg0@ovh.net,484-285-1719,11 Tennyson Street,Madang,Papua New Guinea,3/24/2024
578,Bambi Chang,bchangg1@berkeley.edu,471-680-1318,3 Dennis Park,Marianowo,Poland,5/27/2024
579,Livia Segrave,lsegraveg2@topsy.com,270-254-5719,5 Cherokee Drive,Yuyangguan,China,1/20/2024
580,Dena Manie,dmanieg3@quantcast.com,951-829-4712,5 Anderson Pass,Lyskovo,Russia,11/11/2024
581,Siobhan Dryburgh,sdryburghg4@hostgator.com,616-482-0572,79269 Pawling Way,Pengilon,Indonesia,3/30/2024
582,Curtice Shrawley,cshrawleyg5@intel.com,444-227-6808,9254 Nelson Pass,Linao,Philippines,4/27/2024
583,Ammamaria Easum,aeasumg6@hud.gov,850-636-8145,1152 Crescent Oaks Park,Podebłocie,Poland,4/28/2024
584,Kandy Kingston,kkingstong7@addtoany.com,871-376-9810,9918 Harper Road,Čáslav,Czech Republic,6/3/2024
585,Hermine Levinge,hlevingeg8@plala.or.jp,636-365-2888,1 Declaration Crossing,Deep River,Canada,4/22/2024
586,Keslie McCarle,kmccarleg9@xinhuanet.com,553-720-7634,768 Novick Plaza,Wafang,China,8/24/2024
587,Matilde Greystoke,mgreystokega@lulu.com,379-637-8307,372 Mcbride Center,Beaverlodge,Canada,12/14/2023
588,Chen Trinder,ctrindergb@exblog.jp,671-970-6267,4100 Ludington Road,Normandin,Canada,3/11/2024
589,Ricki Orridge,rorridgegc@reddit.com,548-183-7573,190 Division Alley,Songwon,South Korea,8/9/2024
590,Cindee Ivshin,civshingd@delicious.com,596-572-9800,5 Becker Plaza,Laon,France,6/8/2024
591,Paquito Trice,ptricege@gravatar.com,906-620-6300,158 Arapahoe Avenue,Futtsu,Japan,12/22/2023
592,Roselle Kimbrough,rkimbroughgf@marriott.com,718-498-9227,6 Stephen Hill,Sunne,Sweden,12/22/2023
593,Jerome Lyddiard,jlyddiardgg@php.net,850-668-9951,3460 Sloan Pass,Tallahassee,United States,9/18/2024
594,Wendel Gallacher,wgallachergh@flickr.com,269-272-6149,99 Drewry Avenue,Kandangsapi,Indonesia,11/27/2023
595,Rayna Bridie,rbridiegi@odnoklassniki.ru,586-681-3134,6 Ridge Oak Street,Hengxi,China,12/12/2023
596,Harrison Brownscombe,hbrownscombegj@shinystat.com,747-873-1752,833 Green Junction,Nagutskoye,Russia,12/20/2023
597,Catriona Hughill,chughillgk@goodreads.com,705-182-6403,65 Crescent Oaks Pass,Sanyantang,China,3/8/2024
598,Laraine Dufaur,ldufaurgl@businesswire.com,970-959-6117,99290 Miller Plaza,Louis Trichardt,South Africa,10/30/2024
599,Jackie Giacomazzo,jgiacomazzogm@surveymonkey.com,123-852-7216,19 Tennyson Alley,Aranos,Namibia,7/28/2024
600,Clarence Dolby,cdolbygn@jalbum.net,219-532-8264,85957 Mayfield Circle,Berlin,Germany,11/17/2023
